,Prime Number Range,Key Generation Time,Encryption Time,Decryption Time,CRT Decryption Time
0,4-5,0.00014972686767578125,7.772445678710938e-06,5.245208740234375e-06,4.0531158447265625e-06
1,5-6,0.00029754638671875,4.0531158447265625e-06,4.100799560546875e-06,3.3855438232421873e-06
2,6-7,0.002357816696166992,5.53131103515625e-06,4.9591064453125e-06,4.673004150390625e-06
3,7-8,0.006737136840820312,6.198883056640625e-06,5.340576171875e-06,4.9591064453125e-06
